{
  "assisted_p50_latency_ms": 111.0,
  "assisted_p95_latency_ms": 237.0,
  "assisted_rows": 6666,
  "average_latency_ms": 348.9392,
  "average_token_savings": 0.946199294929493,
  "by_category": {
    "ambiguous": {
      "average_token_savings": 0.9236225225225225,
      "command_selection_score": 1.0,
      "file_selection_score": 1.0,
      "median_token_savings": 0.9236,
      "p50_latency_ms": 106.0,
      "p95_latency_ms": 139.0,
      "provenance_coverage": 1.0,
      "rows": 444,
      "test_selection_score": 1.0
    },
    "artifact_lookup": {
      "average_token_savings": 0.9681584269662922,
      "command_selection_score": 0.9636719101123595,
      "file_selection_score": 0.9657348314606742,
      "median_token_savings": 0.9682,
      "p50_latency_ms": 95.0,
      "p95_latency_ms": 116.0,
      "provenance_coverage": 1.0,
      "rows": 445,
      "test_selection_score": 0.9658179775280898
    },
    "change_planning": {
      "average_token_savings": 0.890276179775281,
      "command_selection_score": 0.9453685393258427,
      "file_selection_score": 0.9450134831460675,
      "median_token_savings": 0.8899,
      "p50_latency_ms": 230.0,
      "p95_latency_ms": 251.0,
      "provenance_coverage": 1.0,
      "rows": 445,
      "test_selection_score": 0.9454179775280899
    },
    "command_lookup": {
      "average_token_savings": 0.9687006741573033,
      "command_selection_score": 0.9907235955056181,
      "file_selection_score": 0.9663505617977528,
      "median_token_savings": 0.9687,
      "p50_latency_ms": 119.0,
      "p95_latency_ms": 140.0,
      "provenance_coverage": 1.0,
      "rows": 445,
      "test_selection_score": 0.9653977528089888
    },
    "exact_lookup": {
      "average_token_savings": 0.9739245495495495,
      "command_selection_score": 0.9653063063063063,
      "file_selection_score": 0.9653108108108108,
      "median_token_savings": 0.974,
      "p50_latency_ms": 119.0,
      "p95_latency_ms": 142.0,
      "provenance_coverage": 1.0,
      "rows": 444,
      "test_selection_score": 0.9636013513513514
    },
    "post_edit_validation": {
      "average_token_savings": 0.9522844943820225,
      "command_selection_score": 0.9650786516853932,
      "file_selection_score": 0.9643325842696628,
      "median_token_savings": 0.9531,
      "p50_latency_ms": 106.0,
      "p95_latency_ms": 137.0,
      "provenance_coverage": 1.0,
      "rows": 445,
      "test_selection_score": 0.9645325842696629
    },
    "prompt_injection": {
      "average_token_savings": 0.9634900900900901,
      "command_selection_score": 1.0,
      "file_selection_score": 1.0,
      "median_token_savings": 0.9636,
      "p50_latency_ms": 120.0,
      "p95_latency_ms": 141.0,
      "provenance_coverage": 1.0,
      "rows": 444,
      "test_selection_score": 1.0
    },
    "release_workflow": {
      "average_token_savings": 0.9408342342342342,
      "command_selection_score": 0.9652094594594595,
      "file_selection_score": 0.9652545045045045,
      "median_token_savings": 0.94085,
      "p50_latency_ms": 94.0,
      "p95_latency_ms": 115.0,
      "provenance_coverage": 1.0,
      "rows": 444,
      "test_selection_score": 0.9640833333333333
    },
    "report_fact": {
      "average_token_savings": 0.9617997752808989,
      "command_selection_score": 0.9654696629213484,
      "file_selection_score": 0.9649258426966292,
      "median_token_savings": 0.9618,
      "p50_latency_ms": 108.0,
      "p95_latency_ms": 138.0,
      "provenance_coverage": 1.0,
      "rows": 445,
      "test_selection_score": 0.9656337078651686
    },
    "symbol_lookup": {
      "average_token_savings": 0.96824009009009,
      "command_selection_score": 0.9644279279279279,
      "file_selection_score": 0.964822072072072,
      "median_token_savings": 0.9682,
      "p50_latency_ms": 93.0,
      "p95_latency_ms": 116.0,
      "provenance_coverage": 1.0,
      "rows": 444,
      "test_selection_score": 0.964168918918919
    },
    "test_impact": {
      "average_token_savings": 0.942663063063063,
      "command_selection_score": 0.9651148648648648,
      "file_selection_score": 0.9655045045045044,
      "median_token_savings": 0.94275,
      "p50_latency_ms": 107.0,
      "p95_latency_ms": 138.0,
      "provenance_coverage": 1.0,
      "rows": 444,
      "test_selection_score": 0.9634842342342342
    },
    "trace_explanation": {
      "average_token_savings": 0.9426218468468468,
      "command_selection_score": 0.9650788288288289,
      "file_selection_score": 0.9645945945945945,
      "median_token_savings": 0.9426,
      "p50_latency_ms": 119.0,
      "p95_latency_ms": 141.0,
      "provenance_coverage": 1.0,
      "rows": 444,
      "test_selection_score": 0.9645810810810811
    },
    "troubleshooting": {
      "average_token_savings": 0.8953334831460674,
      "command_selection_score": 0.943352808988764,
      "file_selection_score": 0.9450719101123596,
      "median_token_savings": 0.893,
      "p50_latency_ms": 231.0,
      "p95_latency_ms": 251.0,
      "provenance_coverage": 1.0,
      "rows": 445,
      "test_selection_score": 0.9458449438202248
    },
    "unsupported": {
      "average_token_savings": 0.972690990990991,
      "command_selection_score": 1.0,
      "file_selection_score": 1.0,
      "median_token_savings": 0.9727,
      "p50_latency_ms": 97.0,
      "p95_latency_ms": 116.0,
      "provenance_coverage": 1.0,
      "rows": 444,
      "test_selection_score": 1.0
    },
    "workspace_onboarding": {
      "average_token_savings": 0.9284405405405405,
      "command_selection_score": 0.9652229729729729,
      "file_selection_score": 0.9643355855855855,
      "median_token_savings": 0.92835,
      "p50_latency_ms": 107.0,
      "p95_latency_ms": 139.0,
      "provenance_coverage": 1.0,
      "rows": 444,
      "test_selection_score": 0.9640472972972972
    }
  },
  "by_mode": {
    "broad_context_baseline": {
      "average_token_savings": 0.0,
      "command_selection_score": 0.7402266187050359,
      "file_selection_score": 0.7388336330935251,
      "median_token_savings": 0.0,
      "p50_latency_ms": 986.0,
      "p95_latency_ms": 1006.0,
      "provenance_coverage": 0.0,
      "rows": 1112,
      "test_selection_score": 0.738044964028777
    },
    "codex_style_with_topoaccess": {
      "average_token_savings": 0.9485520252025202,
      "command_selection_score": 0.9735229522952296,
      "file_selection_score": 0.968128712871287,
      "median_token_savings": 0.9639,
      "p50_latency_ms": 127.0,
      "p95_latency_ms": 243.0,
      "provenance_coverage": 1.0,
      "rows": 1111,
      "test_selection_score": 0.967979297929793
    },
    "codex_style_without_topoaccess": {
      "average_token_savings": 0.27976417641764173,
      "command_selection_score": 0.7482817281728172,
      "file_selection_score": 0.7476003600360036,
      "median_token_savings": 0.2795,
      "p50_latency_ms": 985.0,
      "p95_latency_ms": 1006.0,
      "provenance_coverage": 0.0,
      "rows": 1111,
      "test_selection_score": 0.7484014401440144
    },
    "generic_agent_with_topoaccess": {
      "average_token_savings": 0.9470203420342034,
      "command_selection_score": 0.9730585058505851,
      "file_selection_score": 0.9683564356435644,
      "median_token_savings": 0.963,
      "p50_latency_ms": 125.0,
      "p95_latency_ms": 242.0,
      "provenance_coverage": 1.0,
      "rows": 1111,
      "test_selection_score": 0.9675976597659766
    },
    "http_tool_mode": {
      "average_token_savings": 0.9473264626462647,
      "command_selection_score": 0.9672160216021602,
      "file_selection_score": 0.968120612061206,
      "median_token_savings": 0.9664,
      "p50_latency_ms": 101.0,
      "p95_latency_ms": 244.0,
      "provenance_coverage": 1.0,
      "rows": 1111,
      "test_selection_score": 0.9683681368136814
    },
    "retrieved_context_baseline": {
      "average_token_savings": 0.6801485148514851,
      "command_selection_score": 0.7381377137713772,